Task Description,Part,Timings,DEPARTMENT,Extra (Mins),Start Time,End Time
BILL HIGHLIHTS WITH PROPER DETAIL,afternoon,1:00 PM - 17:59 PM,EXCISE,45,13:00,17:59
BRANDWISE PRINTOUT (FL - MML - CL),afternoon,1:00 PM - 17:59 PM,EXCISE,45,13:00,17:59
CASH TALLY REPORT IN GROUP,afternoon,1:00 PM - 17:59 PM,EXCISE,45,13:00,17:59
DAILY COMPUTER BACKUP IN PENDRIVE,evening,17:00 PM - 23:00 PM,EXCISE,45,17:00,23:00
EXICSE REGISTER CL,afternoon,1:00 PM - 17:59 PM,EXCISE,45,13:00,17:59
EXICSE REGISTER IMFL,afternoon,1:00 PM - 17:59 PM,EXCISE,45,13:00,17:59
EXICSE REGISTER MML,afternoon,1:00 PM - 17:59 PM,EXCISE,45,13:00,17:59
EXPENSE / UPI / SLIP COMPUTER UPDATED,afternoon,1:00 PM - 17:59 PM,EXCISE,45,13:00,17:59
SALE ENTRY / POSTING IN SYSTEM,afternoon,1:00 PM - 17:59 PM,EXCISE,45,13:00,17:59
SCM SYSTEM ONLINE (FL CL),afternoon,1:00 PM - 17:59 PM,EXCISE,45,13:00,17:59
TP PURCHASE WITH BILL ENTERY ,afternoon,1:00 PM - 17:59 PM,EXCISE,45,13:00,17:59
TP SUMMARY FL,afternoon,1:00 PM - 17:59 PM,EXCISE,45,13:00,17:59
TP SUMMARY MML,afternoon,1:00 PM - 17:59 PM,EXCISE,45,13:00,17:59
TP SUMMMRY CL,afternoon,1:00 PM - 17:59 PM,EXCISE,45,13:00,17:59
FILEING - TP/ BILL / EXPENSE,afternoon,1:00 PM - 17:59 PM,EXCISE,45,13:00,17:59
PHYSICAL STOCK GODOWN - DAILY REGULAR ITEM STOCK,Morning,10:00 AM - 12:59 PM,GODOWN,45,10:00,12:59
STOCK TRANSFER GODOWN TO COUNTER,Morning,10:00 AM - 12:59 PM,GODOWN,45,10:00,12:59
ORDER IMPORTED COUNTER,afternoon,1:00 PM - 17:59 PM,IMP RETAIL,45,13:00,17:59
SALE POINT HISAB IMPORTED COUNTER,evening,17:00 PM - 23:00 PM,IMP RETAIL,45,17:00,23:00
AGARBATTI EVENING TIMES,evening,17:00 PM - 23:00 PM,RETAIL,45,17:00,23:00
AGARBATTI MORNING TIMES,Morning,10:00 AM - 12:59 PM,RETAIL,45,10:00,12:59
ATTENDENCE BOOK & MACHINE MAINTAIN,Morning,10:00 AM - 12:59 PM,RETAIL,45,10:00,12:59
BANK SLIP FILLING,Morning,10:00 AM - 12:59 PM,RETAIL,45,10:00,12:59
BREAKAGE REPORT,afternoon,1:00 PM - 17:59 PM,RETAIL,45,13:00,17:59
COUNTER CLEANING & FILLING EVENING,evening,17:00 PM - 23:00 PM,RETAIL,45,17:00,23:00
COUNTER CLEANING & FILLING MORNING,Morning,10:00 AM - 12:59 PM,RETAIL,45,10:00,12:59
EXPENSE BOOK MAINTENANCE,Morning,10:00 AM - 12:59 PM,RETAIL,45,10:00,12:59
EXPIRY CHECKING OF IMFL / BEER,Morning,10:00 AM - 12:59 PM,RETAIL,45,10:00,12:59
FRIDGE CLEANING & FILLING EVENING,evening,17:00 PM - 23:00 PM,RETAIL,45,17:00,23:00
FRIDGE CLEANING & FILLING MORNING,Morning,10:00 AM - 12:59 PM,RETAIL,45,10:00,12:59
OFFER BOARD,Morning,10:00 AM - 12:59 PM,RETAIL,45,10:00,12:59
SALE POINT HISAB REGULAR COUNTER,evening,17:00 PM - 23:00 PM,RETAIL,45,17:00,23:00
SHORT ITEMS BOOK MAINTAIN,evening,17:00 PM - 23:00 PM,RETAIL,45,17:00,23:00
UPI PAYMENT CHECK,evening,17:00 PM - 23:00 PM,RETAIL,45,17:00,23:00
ICE PACKING,Morning,10:00 AM - 12:59 PM,SNACKS,45,10:00,12:59
ORDER NIKLANA SNACKS,Morning,10:00 AM - 12:59 PM,SNACKS,45,10:00,12:59
PHYSICAL STOCK SNACKS,Morning,10:00 AM - 12:59 PM,SNACKS,45,10:00,12:59
SALE POINT HISHAAB SANCKS,Morning,10:00 AM - 12:59 PM,SNACKS,45,10:00,12:59
SANCKS EXPIRY CHECK,Morning,10:00 AM - 12:59 PM,SNACKS,45,10:00,12:59
SANCKS PURCHASE & CLOSING STOCK,Morning,10:00 AM - 12:59 PM,SNACKS,45,10:00,12:59
SNACKS COUNTER SET & SALE,evening,17:00 PM - 23:00 PM,SNACKS,45,17:00,23:00
GOODS INWARD BATCH WISE & TP WISE STOCK RECEIVED IN SHOP,evening,17:00 PM - 23:00 PM,STOCKS,45,17:00,23:00
ORDER REGULAR ITEM,Morning,10:00 AM - 12:59 PM,STOCKS,45,10:00,12:59
PHISICAL STOCK REGULAR COUNTER,Morning,10:00 AM - 12:59 PM,STOCKS,45,10:00,12:59
PHYSICAL STOCK IMPOTED COUNTER,Morning,10:00 AM - 12:59 PM,STOCKS,45,10:00,12:59
CHECKLIST EMPOLYEE TASK CHECKING,evening,17:00 PM - 23:00 PM,TECHNICAL,45,17:00,23:00
CUSTOMER FEEDBACK,evening,17:00 PM - 23:00 PM,TECHNICAL,45,17:00,23:00
GOOGLE FORM( IN OUT / CASH TALLY/ PETTY CASH),afternoon,1:00 PM - 17:59 PM,TECHNICAL,45,13:00,17:59
HOME DELIVERY,evening,17:00 PM - 23:00 PM,WHOLESALE,45,17:00,23:00
INCREASING WHOLESALE SALES,evening,17:00 PM - 23:00 PM,WHOLESALE,45,17:00,23:00
WHOLESALE PARTY BILL BANANA,evening,17:00 PM - 23:00 PM,WHOLESALE,45,17:00,23:00
WHOLESALE PARTY GOODS REMOVING,evening,17:00 PM - 23:00 PM,WHOLESALE,45,17:00,23:00
